Workbook

Sheet Extracted Bills
A1: Billing Month | B1: Meter No. | C1: Customer ID | D1: Tarrif Category | E1: Contract Demand | F1: Actual Max demand | G1: Billing Demand | H1: Avg PF % | I1: kWh (Units) Consumed | J1: % Increase in kWh | K1: Night Hr. Units | L1: % of Total units | M1: TOU kWh | N1: % of Total units | O1: 1/3 of Total Units | P1: E. Night Concession Units | Q1: Solar Gen Units | R1: Solar Net Billed Units | S1: Solar Setoff Units | T1: Solar Set-off units % | U1: Solar Surplus/Export Units | V1: Solar Surplus % | W1: Solar Gen. Units considered for banking charges | X1: Solar Banking Units % | Y1: Demand Charges | Z1: Demand Charges % | AA1: Excess Demand Charges | AB1: Energy Charges (Rs) | AC1: Energy Charges % | AD1: Fuel Surcharge | AE1: Fuel Surcharge % | AF1: Base FPPAS | AG1: FPPAS Charges | AH1: FPPAS % | AI1: PF Adjust. (Rs) | AJ1: Night Rebate | AK1: EHV Rebate | AL1: TOU Charges | AM1: TOU Charges % | AN1: Total Energy/Consumption Charges | AO1: Total Consumption Charges | AP1: Electricity Duty | AQ1: Current bill Month | AR1: Solar Banking (Rs1.1/kWh) | AS1: Solar Credit (Rs.2.25/kWh) (Rs) | AT1: Solar Set off Credit | AU1: Wheeling charges | AV1: Previous Dues | AW1: Electricity Duty Credits | AX1: TOU Charge Credits | AY1: TDS Credits | AZ1: Other Debits | BA1: Delayed Payment Charges | BB1: Security Deposit Interest | BC1: Other Credits | BD1: Adv Payment/ Adjustment | BE1: Formula Adv Adjustment | BF1: Outstanding Arrears | BG1: Net Payable | BH1: TCS | BI1: Total Payable (Rs) | BJ1: Total Consumption-Demand Charge Unit Rate | BK1: Unit Rate (Total Consumption Charge) | BL1: Total Net Payable – Demand Charge Unit Rate | BM1: Unit Rate (Total Payable)
A2: APR-2025 | B2: GHB02543 | C2: 30591 | D2: HTP-I | E2: 1525 | F2: 959 | G2: 1296 | H2: 0.99 | I2: 379550 | J2: - | K2: 124870 | L2: =IF(AND(ISNUMBER(K2),ISNUMBER(I2),I2<>0),K2/I2,"-") -> 0.32899486 | M2: 139470 | N2: =IF(AND(ISNUMBER(M2),ISNUMBER(I2),I2<>0),M2/I2,"-") -> 0.36746147 | O2: 126517 | P2: 124870 | Q2: =IF(COUNT(U2,W2)>0,SUM(U2,W2),"-") -> 70007 | R2: =IF(AND(ISNUMBER(I2),ISNUMBER(S2)),I2-S2,"-") -> 377695 | S2: 1855 | T2: =IF(AND(ISNUMBER(S2),ISNUMBER(Q2),Q2<>0),S2/Q2,"-") -> 0.02649735 | U2: 5474 | V2: =IF(AND(ISNUMBER(U2),ISNUMBER(Q2),Q2<>0),U2/Q2,"-") -> 0.078192181 | W2: 64533 | X2: =IF(AND(ISNUMBER(W2),ISNUMBER(Q2),Q2<>0),W2/Q2,"-") -> 0.92180782 | Y2: 345600 | Z2: =IF(AND(ISNUMBER(Y2),ISNUMBER(AN2),AN2<>0),Y2/AN2,"-") -> 0.11690388 | AA2: 0 | AB2: 1594110 | AC2: =IF(AND(ISNUMBER(AB2),ISNUMBER(AN2),AN2<>0),AB2/AN2,"-") -> 0.5392293 | AD2: 929897.5 | AE2: =IF(AND(ISNUMBER(AD2),ISNUMBER(AN2),AN2<>0),AD2/AN2,"-") -> 0.31455043 | AF2: - | AG2: - | AH2: - | AI2: -31882.2 | AJ2: 0 | AK2: 0 | AL2: 118549.5 | AM2: =IF(AND(ISNUMBER(AL2),ISNUMBER(AN2),AN2<>0),AL2/AN2,"-") -> 0.040100974 | AN2: =IF(AND(ISNUMBER(Y2),ISNUMBER(AB2)),SUM(Y2,AA2,AB2,AD2,AF2,AG2,AI2,AJ2,AK2,AL2),"-") -> 2956274.8 | AO2: 2956274.8 | AP2: 0 | AQ2: =IF(AND(ISNUMBER(AO2)),SUM(AO2,AP2),"-") -> 2956274.8 | AR2: 96799.5 | AS2: -10797.47 | AT2: -12140.98 | AU2: 0 | AV2: 0 | AW2: 0 | AX2: 0 | AY2: -2864 | AZ2: 0 | BA2: 0 | BB2: 0 | BC2: 0 | BD2: 70181.67 | BE2: =IF(COUNT(AR2,AS2,AT2,AU2,AV2,AW2,AX2,AY2,BB2,BC2,AZ2)>0,SUM(AR2,AS2,AT2,AU2,AV2,AW2,AX2,AY2,BB2,BC2,AZ2),"-") -> 70997.05 | BF2: 0 | BG2: =IF(AND(ISNUMBER(AQ2)),SUM(AQ2,BE2,BA2,BF2),"-") -> 3027271.8 | BH2: 0 | BI2: =IF(AND(ISNUMBER(BG2)),SUM(BG2,BH2),"-") -> 3027271.8 | BJ2: =IF(AND(ISNUMBER(AN2),ISNUMBER(Y2),ISNUMBER(I2),I2<>0),(AN2-Y2)/I2,"-") -> 6.8783422 | BK2: =IF(AND(ISNUMBER(AN2),ISNUMBER(I2),I2<>0),AN2/I2,"-") -> 7.7888942 | BL2: =IF(AND(ISNUMBER(BI2),ISNUMBER(Y2),ISNUMBER(I2),I2<>0),(BI2-Y2)/I2,"-") -> 7.0653981 | BM2: =IF(AND(ISNUMBER(BI2),ISNUMBER(I2),I2<>0),BI2/I2,"-") -> 7.9759501
A3: MAY-2025 | B3: GHB02543 | C3: 30591 | D3: HTP-I | E3: 1525 | F3: 1105 | G3: 1296 | H3: 0.995 | I3: 426920 | J3: =IF(AND(ISNUMBER(I3),ISNUMBER(I2),I2<>0),(I3-I2)/I2,"-") -> 0.12480569 | K3: 148910 | L3: =IF(AND(ISNUMBER(K3),ISNUMBER(I3),I3<>0),K3/I3,"-") -> 0.34880071 | M3: 146240 | N3: =IF(AND(ISNUMBER(M3),ISNUMBER(I3),I3<>0),M3/I3,"-") -> 0.34254661 | O3: 142307 | P3: 148910 | Q3: =IF(COUNT(U3,W3)>0,SUM(U3,W3),"-") -> 80749 | R3: =IF(AND(ISNUMBER(I3),ISNUMBER(S3)),I3-S3,"-") -> 425565 | S3: 1355 | T3: =IF(AND(ISNUMBER(S3),ISNUMBER(Q3),Q3<>0),S3/Q3,"-") -> 0.016780394 | U3: 5178 | V3: =IF(AND(ISNUMBER(U3),ISNUMBER(Q3),Q3<>0),U3/Q3,"-") -> 0.064124633 | W3: 75571 | X3: =IF(AND(ISNUMBER(W3),ISNUMBER(Q3),Q3<>0),W3/Q3,"-") -> 0.93587537 | Y3: 345600 | Z3: =IF(AND(ISNUMBER(Y3),ISNUMBER(AN3),AN3<>0),Y3/AN3,"-") -> 0.10631728 | AA3: 0 | AB3: 1793064 | AC3: =IF(AND(ISNUMBER(AB3),ISNUMBER(AN3),AN3<>0),AB3/AN3,"-") -> 0.55160212 | AD3: 1045954 | AE3: =IF(AND(ISNUMBER(AD3),ISNUMBER(AN3),AN3<>0),AD3/AN3,"-") -> 0.3217679 | AF3: - | AG3: - | AH3: - | AI3: -40343.94 | AJ3: 0 | AK3: -17930.64 | AL3: 124304 | AM3: =IF(AND(ISNUMBER(AL3),ISNUMBER(AN3),AN3<>0),AL3/AN3,"-") -> 0.038239767 | AN3: =IF(AND(ISNUMBER(Y3),ISNUMBER(AB3)),SUM(Y3,AA3,AB3,AD3,AF3,AG3,AI3,AJ3,AK3,AL3),"-") -> 3250647.4 | AO3: 3250647.4 | AP3: 0 | AQ3: =IF(AND(ISNUMBER(AO3)),SUM(AO3,AP3),"-") -> 3250647.4 | AR3: 113356.5 | AS3: -10213.61 | AT3: -8811.57 | AU3: 0 | AV3: 0 | AW3: 0 | AX3: 0 | AY3: 0 | AZ3: 0 | BA3: 0 | BB3: 0 | BC3: -7199 | BD3: 86482.79 | BE3: =IF(COUNT(AR3,AS3,AT3,AU3,AV3,AW3,AX3,AY3,BB3,BC3,AZ3)>0,SUM(AR3,AS3,AT3,AU3,AV3,AW3,AX3,AY3,BB3,BC3,AZ3),"-") -> 87132.32 | BF3: 0 | BG3: =IF(AND(ISNUMBER(AQ3)),SUM(AQ3,BE3,BA3,BF3),"-") -> 3337779.7 | BH3: 0 | BI3: =IF(AND(ISNUMBER(BG3)),SUM(BG3,BH3),"-") -> 3337779.7 | BJ3: =IF(AND(ISNUMBER(AN3),ISNUMBER(Y3),ISNUMBER(I3),I3<>0),(AN3-Y3)/I3,"-") -> 6.8046646 | BK3: =IF(AND(ISNUMBER(AN3),ISNUMBER(I3),I3<>0),AN3/I3,"-") -> 7.614184 | BL3: =IF(AND(ISNUMBER(BI3),ISNUMBER(Y3),ISNUMBER(I3),I3<>0),(BI3-Y3)/I3,"-") -> 7.0087598 | BM3: =IF(AND(ISNUMBER(BI3),ISNUMBER(I3),I3<>0),BI3/I3,"-") -> 7.8182792
A4: JUN-2025 | B4: GHB02543 | C4: 30591 | D4: HTP-I | E4: 1525 | F4: 1340 | G4: 1340 | H4: 0.989 | I4: 644150 | J4: =IF(AND(ISNUMBER(I4),ISNUMBER(I3),I3<>0),(I4-I3)/I3,"-") -> 0.50883069 | K4: 215380 | L4: =IF(AND(ISNUMBER(K4),ISNUMBER(I4),I4<>0),K4/I4,"-") -> 0.33436311 | M4: 225380 | N4: =IF(AND(ISNUMBER(M4),ISNUMBER(I4),I4<>0),M4/I4,"-") -> 0.34988745 | O4: 214717 | P4: 215380 | Q4: =IF(COUNT(U4,W4)>0,SUM(U4,W4),"-") -> 70093 | R4: =IF(AND(ISNUMBER(I4),ISNUMBER(S4)),I4-S4,"-") -> 643670 | S4: 480 | T4: =IF(AND(ISNUMBER(S4),ISNUMBER(Q4),Q4<>0),S4/Q4,"-") -> 0.0068480447 | U4: 2058 | V4: =IF(AND(ISNUMBER(U4),ISNUMBER(Q4),Q4<>0),U4/Q4,"-") -> 0.029360992 | W4: 68035 | X4: =IF(AND(ISNUMBER(W4),ISNUMBER(Q4),Q4<>0),W4/Q4,"-") -> 0.97063901 | Y4: 366500 | Z4: =IF(AND(ISNUMBER(Y4),ISNUMBER(AN4),AN4<>0),Y4/AN4,"-") -> 0.076965718 | AA4: 0 | AB4: 2705430 | AC4: =IF(AND(ISNUMBER(AB4),ISNUMBER(AN4),AN4<>0),AB4/AN4,"-") -> 0.5681456 | AD4: 1578167.5 | AE4: =IF(AND(ISNUMBER(AD4),ISNUMBER(AN4),AN4<>0),AD4/AN4,"-") -> 0.33141827 | AF4: - | AG4: - | AH4: - | AI4: -52755.89 | AJ4: 0 | AK4: -27054.3 | AL4: 191573 | AM4: =IF(AND(ISNUMBER(AL4),ISNUMBER(AN4),AN4<>0),AL4/AN4,"-") -> 0.040230706 | AN4: =IF(AND(ISNUMBER(Y4),ISNUMBER(AB4)),SUM(Y4,AA4,AB4,AD4,AF4,AG4,AI4,AJ4,AK4,AL4),"-") -> 4761860.3 | AO4: 4761860.3 | AP4: 0 | AQ4: =IF(AND(ISNUMBER(AO4)),SUM(AO4,AP4),"-") -> 4761860.3 | AR4: 102052.5 | AS4: -4059.41 | AT4: -3121.44 | AU4: 0 | AV4: 0 | AW4: 0 | AX4: 0 | AY4: -1361 | AZ4: 0 | BA4: 0 | BB4: 0 | BC4: 0 | BD4: 92860.86 | BE4: =IF(COUNT(AR4,AS4,AT4,AU4,AV4,AW4,AX4,AY4,BB4,BC4,AZ4)>0,SUM(AR4,AS4,AT4,AU4,AV4,AW4,AX4,AY4,BB4,BC4,AZ4),"-") -> 93510.65 | BF4: 0 | BG4: =IF(AND(ISNUMBER(AQ4)),SUM(AQ4,BE4,BA4,BF4),"-") -> 4855371 | BH4: 0 | BI4: =IF(AND(ISNUMBER(BG4)),SUM(BG4,BH4),"-") -> 4855371 | BJ4: =IF(AND(ISNUMBER(AN4),ISNUMBER(Y4),ISNUMBER(I4),I4<>0),(AN4-Y4)/I4,"-") -> 6.8235043 | BK4: =IF(AND(ISNUMBER(AN4),ISNUMBER(I4),I4<>0),AN4/I4,"-") -> 7.3924712 | BL4: =IF(AND(ISNUMBER(BI4),ISNUMBER(Y4),ISNUMBER(I4),I4<>0),(BI4-Y4)/I4,"-") -> 6.9686734 | BM4: =IF(AND(ISNUMBER(BI4),ISNUMBER(I4),I4<>0),BI4/I4,"-") -> 7.5376402
A5: JUL-2025 | B5: GHB02543 | C5: 30591 | D5: HTP-I | E5: 1525 | F5: 1354 | G5: 1354 | H5: 0.984 | I5: 576810 | J5: =IF(AND(ISNUMBER(I5),ISNUMBER(I4),I4<>0),(I5-I4)/I4,"-") -> -0.10454087 | K5: 175320 | L5: =IF(AND(ISNUMBER(K5),ISNUMBER(I5),I5<>0),K5/I5,"-") -> 0.30394757 | M5: 195870 | N5: =IF(AND(ISNUMBER(M5),ISNUMBER(I5),I5<>0),M5/I5,"-") -> 0.33957456 | O5: 192270 | P5: 175320 | Q5: =IF(COUNT(U5,W5)>0,SUM(U5,W5),"-") -> 55584 | R5: =IF(AND(ISNUMBER(I5),ISNUMBER(S5)),I5-S5,"-") -> 576751 | S5: 59 | T5: =IF(AND(ISNUMBER(S5),ISNUMBER(Q5),Q5<>0),S5/Q5,"-") -> 0.0010614565 | U5: 0 | V5: =IF(AND(ISNUMBER(U5),ISNUMBER(Q5),Q5<>0),U5/Q5,"-") -> 0 | W5: 55584 | X5: =IF(AND(ISNUMBER(W5),ISNUMBER(Q5),Q5<>0),W5/Q5,"-") -> 1 | Y5: 373150 | Z5: =IF(AND(ISNUMBER(Y5),ISNUMBER(AN5),AN5<>0),Y5/AN5,"-") -> 0.08657741 | AA5: 0 | AB5: 2422602 | AC5: =IF(AND(ISNUMBER(AB5),ISNUMBER(AN5),AN5<>0),AB5/AN5,"-") -> 0.56208658 | AD5: 1413184.5 | AE5: =IF(AND(ISNUMBER(AD5),ISNUMBER(AN5),AN5<>0),AD5/AN5,"-") -> 0.32788384 | AF5: - | AG5: - | AH5: - | AI5: -41184.23 | AJ5: 0 | AK5: -24226.02 | AL5: 166489.5 | AM5: =IF(AND(ISNUMBER(AL5),ISNUMBER(AN5),AN5<>0),AL5/AN5,"-") -> 0.038628513 | AN5: =IF(AND(ISNUMBER(Y5),ISNUMBER(AB5)),SUM(Y5,AA5,AB5,AD5,AF5,AG5,AI5,AJ5,AK5,AL5),"-") -> 4310015.8 | AO5: 4310015.8 | AP5: 0 | AQ5: =IF(AND(ISNUMBER(AO5)),SUM(AO5,AP5),"-") -> 4310015.8 | AR5: 83376 | AS5: 0 | AT5: -383.68 | AU5: 0 | AV5: 0 | AW5: 0 | AX5: 0 | AY5: -4855 | AZ5: 0 | BA5: 0 | BB5: 0 | BC5: -4801 | BD5: 73336.32 | BE5: =IF(COUNT(AR5,AS5,AT5,AU5,AV5,AW5,AX5,AY5,BB5,BC5,AZ5)>0,SUM(AR5,AS5,AT5,AU5,AV5,AW5,AX5,AY5,BB5,BC5,AZ5),"-") -> 73336.32 | BF5: 2846.17 | BG5: =IF(AND(ISNUMBER(AQ5)),SUM(AQ5,BE5,BA5,BF5),"-") -> 4386198.2 | BH5: 0 | BI5: =IF(AND(ISNUMBER(BG5)),SUM(BG5,BH5),"-") -> 4386198.2 | BJ5: =IF(AND(ISNUMBER(AN5),ISNUMBER(Y5),ISNUMBER(I5),I5<>0),(AN5-Y5)/I5,"-") -> 6.8252384 | BK5: =IF(AND(ISNUMBER(AN5),ISNUMBER(I5),I5<>0),AN5/I5,"-") -> 7.4721585 | BL5: =IF(AND(ISNUMBER(BI5),ISNUMBER(Y5),ISNUMBER(I5),I5<>0),(BI5-Y5)/I5,"-") -> 6.9573139 | BM5: =IF(AND(ISNUMBER(BI5),ISNUMBER(I5),I5<>0),BI5/I5,"-") -> 7.604234
A6: AUG-2025 | B6: GHB02543 | C6: 30591 | D6: HTP-I | E6: 1525 | F6: 1412 | G6: 1412 | H6: 0.995 | I6: 651660 | J6: =IF(AND(ISNUMBER(I6),ISNUMBER(I5),I5<>0),(I6-I5)/I5,"-") -> 0.12976543 | K6: 201750 | L6: =IF(AND(ISNUMBER(K6),ISNUMBER(I6),I6<>0),K6/I6,"-") -> 0.30959396 | M6: 227600 | N6: =IF(AND(ISNUMBER(M6),ISNUMBER(I6),I6<>0),M6/I6,"-") -> 0.34926189 | O6: 217220 | P6: 201750 | Q6: =IF(COUNT(U6,W6)>0,SUM(U6,W6),"-") -> 46189 | R6: =IF(AND(ISNUMBER(I6),ISNUMBER(S6)),I6-S6,"-") -> 651117 | S6: 543 | T6: =IF(AND(ISNUMBER(S6),ISNUMBER(Q6),Q6<>0),S6/Q6,"-") -> 0.011756046 | U6: 736 | V6: =IF(AND(ISNUMBER(U6),ISNUMBER(Q6),Q6<>0),U6/Q6,"-") -> 0.01593453 | W6: 45453 | X6: =IF(AND(ISNUMBER(W6),ISNUMBER(Q6),Q6<>0),W6/Q6,"-") -> 0.98406547 | Y6: 400700 | Z6: =IF(AND(ISNUMBER(Y6),ISNUMBER(AN6),AN6<>0),Y6/AN6,"-") -> 0.082810688 | AA6: 0 | AB6: 2736972 | AC6: =IF(AND(ISNUMBER(AB6),ISNUMBER(AN6),AN6<>0),AB6/AN6,"-") -> 0.56563647 | AD6: 1596567 | AE6: =IF(AND(ISNUMBER(AD6),ISNUMBER(AN6),AN6<>0),AD6/AN6,"-") -> 0.32995461 | AF6: - | AG6: - | AH6: - | AI6: -61581.87 | AJ6: 0 | AK6: -27369.72 | AL6: 193460 | AM6: =IF(AND(ISNUMBER(AL6),ISNUMBER(AN6),AN6<>0),AL6/AN6,"-") -> 0.039981422 | AN6: =IF(AND(ISNUMBER(Y6),ISNUMBER(AB6)),SUM(Y6,AA6,AB6,AD6,AF6,AG6,AI6,AJ6,AK6,AL6),"-") -> 4838747.4 | AO6: 4838747.4 | AP6: 0 | AQ6: =IF(AND(ISNUMBER(AO6)),SUM(AO6,AP6),"-") -> 4838747.4 | AR6: 68179.5 | AS6: -1451.76 | AT6: -3531.13 | AU6: 0 | AV6: 0 | AW6: 0 | AX6: 0 | AY6: -4384 | AZ6: 0 | BA6: 0 | BB6: 0 | BC6: 0 | BD6: 58812.61 | BE6: =IF(COUNT(AR6,AS6,AT6,AU6,AV6,AW6,AX6,AY6,BB6,BC6,AZ6)>0,SUM(AR6,AS6,AT6,AU6,AV6,AW6,AX6,AY6,BB6,BC6,AZ6),"-") -> 58812.61 | BF6: 2379.24 | BG6: =IF(AND(ISNUMBER(AQ6)),SUM(AQ6,BE6,BA6,BF6),"-") -> 4899939.3 | BH6: 0 | BI6: =IF(AND(ISNUMBER(BG6)),SUM(BG6,BH6),"-") -> 4899939.3 | BJ6: =IF(AND(ISNUMBER(AN6),ISNUMBER(Y6),ISNUMBER(I6),I6<>0),(AN6-Y6)/I6,"-") -> 6.8103726 | BK6: =IF(AND(ISNUMBER(AN6),ISNUMBER(I6),I6<>0),AN6/I6,"-") -> 7.4252638 | BL6: =IF(AND(ISNUMBER(BI6),ISNUMBER(Y6),ISNUMBER(I6),I6<>0),(BI6-Y6)/I6,"-") -> 6.9042741 | BM6: =IF(AND(ISNUMBER(BI6),ISNUMBER(I6),I6<>0),BI6/I6,"-") -> 7.5191653
A7: SEP-2025 | B7: GHB02543 | C7: 30591 | D7: HTP-I | E7: 1525 | F7: 1411 | G7: 1411 | H7: 0.994 | I7: 632100 | J7: =IF(AND(ISNUMBER(I7),ISNUMBER(I6),I6<>0),(I7-I6)/I6,"-") -> -0.030015652 | K7: 191750 | L7: =IF(AND(ISNUMBER(K7),ISNUMBER(I7),I7<>0),K7/I7,"-") -> 0.3033539 | M7: 218910 | N7: =IF(AND(ISNUMBER(M7),ISNUMBER(I7),I7<>0),M7/I7,"-") -> 0.34632178 | O7: 210700 | P7: 191750 | Q7: =IF(COUNT(U7,W7)>0,SUM(U7,W7),"-") -> 43247 | R7: =IF(AND(ISNUMBER(I7),ISNUMBER(S7)),I7-S7,"-") -> 630675 | S7: 1425 | T7: =IF(AND(ISNUMBER(S7),ISNUMBER(Q7),Q7<>0),S7/Q7,"-") -> 0.032950262 | U7: 690 | V7: =IF(AND(ISNUMBER(U7),ISNUMBER(Q7),Q7<>0),U7/Q7,"-") -> 0.015954864 | W7: 42557 | X7: =IF(AND(ISNUMBER(W7),ISNUMBER(Q7),Q7<>0),W7/Q7,"-") -> 0.98404514 | Y7: 400225 | Z7: =IF(AND(ISNUMBER(Y7),ISNUMBER(AN7),AN7<>0),Y7/AN7,"-") -> 0.086816811 | AA7: 0 | AB7: 2654820 | AC7: =IF(AND(ISNUMBER(AB7),ISNUMBER(AN7),AN7<>0),AB7/AN7,"-") -> 0.57588358 | AD7: 1453830 | AE7: =IF(AND(ISNUMBER(AD7),ISNUMBER(AN7),AN7<>0),AD7/AN7,"-") -> 0.31536482 | AF7: - | AG7: - | AH7: - | AI7: -58406.04 | AJ7: 0 | AK7: -26548.2 | AL7: 186073.5 | AM7: =IF(AND(ISNUMBER(AL7),ISNUMBER(AN7),AN7<>0),AL7/AN7,"-") -> 0.040363065 | AN7: =IF(AND(ISNUMBER(Y7),ISNUMBER(AB7)),SUM(Y7,AA7,AB7,AD7,AF7,AG7,AI7,AJ7,AK7,AL7),"-") -> 4609994.3 | AO7: 4609994.3 | AP7: 0 | AQ7: =IF(AND(ISNUMBER(AO7)),SUM(AO7,AP7),"-") -> 4609994.3 | AR7: 63835.5 | AS7: -1361.03 | AT7: -9053.03 | AU7: 0 | AV7: 0 | AW7: 0 | AX7: 0 | AY7: -4898 | AZ7: 38.1 | BA7: 0 | BB7: 0 | BC7: -138128.58 | BD7: -89567.04 | BE7: =IF(COUNT(AR7,AS7,AT7,AU7,AV7,AW7,AX7,AY7,BB7,BC7,AZ7)>0,SUM(AR7,AS7,AT7,AU7,AV7,AW7,AX7,AY7,BB7,BC7,AZ7),"-") -> -89567.04 | BF7: 2897.26 | BG7: =IF(AND(ISNUMBER(AQ7)),SUM(AQ7,BE7,BA7,BF7),"-") -> 4523324.5 | BH7: 0 | BI7: =IF(AND(ISNUMBER(BG7)),SUM(BG7,BH7),"-") -> 4523324.5 | BJ7: =IF(AND(ISNUMBER(AN7),ISNUMBER(Y7),ISNUMBER(I7),I7<>0),(AN7-Y7)/I7,"-") -> 6.6599735 | BK7: =IF(AND(ISNUMBER(AN7),ISNUMBER(I7),I7<>0),AN7/I7,"-") -> 7.2931407 | BL7: =IF(AND(ISNUMBER(BI7),ISNUMBER(Y7),ISNUMBER(I7),I7<>0),(BI7-Y7)/I7,"-") -> 6.5228595 | BM7: =IF(AND(ISNUMBER(BI7),ISNUMBER(I7),I7<>0),BI7/I7,"-") -> 7.1560267
A8: OCT-2025 | B8: GHB02543 | C8: 30591 | D8: HTP-I | E8: 1525 | F8: 1398 | G8: 1398 | H8: 0.967 | I8: 583750 | J8: =IF(AND(ISNUMBER(I8),ISNUMBER(I7),I7<>0),(I8-I7)/I7,"-") -> -0.076491062 | K8: 168060 | L8: =IF(AND(ISNUMBER(K8),ISNUMBER(I8),I8<>0),K8/I8,"-") -> 0.28789722 | M8: 205720 | N8: =IF(AND(ISNUMBER(M8),ISNUMBER(I8),I8<>0),M8/I8,"-") -> 0.35241113 | O8: 194583 | P8: 168060 | Q8: =IF(COUNT(U8,W8)>0,SUM(U8,W8),"-") -> 47497 | R8: =IF(AND(ISNUMBER(I8),ISNUMBER(S8)),I8-S8,"-") -> 582399 | S8: 1351 | T8: =IF(AND(ISNUMBER(S8),ISNUMBER(Q8),Q8<>0),S8/Q8,"-") -> 0.028443902 | U8: 1723 | V8: =IF(AND(ISNUMBER(U8),ISNUMBER(Q8),Q8<>0),U8/Q8,"-") -> 0.036275975 | W8: 45774 | X8: =IF(AND(ISNUMBER(W8),ISNUMBER(Q8),Q8<>0),W8/Q8,"-") -> 0.96372402 | Y8: 394050 | Z8: =IF(AND(ISNUMBER(Y8),ISNUMBER(AN8),AN8<>0),Y8/AN8,"-") -> 0.091259014 | AA8: 0 | AB8: 2451750 | AC8: =IF(AND(ISNUMBER(AB8),ISNUMBER(AN8),AN8<>0),AB8/AN8,"-") -> 0.56780685 | AD8: 1342625 | AE8: =IF(AND(ISNUMBER(AD8),ISNUMBER(AN8),AN8<>0),AD8/AN8,"-") -> 0.31094184 | AF8: - | AG8: - | AH8: - | AI8: -20839.88 | AJ8: 0 | AK8: -24517.5 | AL8: 174862 | AM8: =IF(AND(ISNUMBER(AL8),ISNUMBER(AN8),AN8<>0),AL8/AN8,"-") -> 0.040496723 | AN8: =IF(AND(ISNUMBER(Y8),ISNUMBER(AB8)),SUM(Y8,AA8,AB8,AD8,AF8,AG8,AI8,AJ8,AK8,AL8),"-") -> 4317929.6 | AO8: 4317929.6 | AP8: 0 | AQ8: =IF(AND(ISNUMBER(AO8)),SUM(AO8,AP8),"-") -> 4317929.6 | AR8: 68661 | AS8: -3398.62 | AT8: -8582.9 | AU8: 0 | AV8: 0 | AW8: 0 | AX8: 0 | AY8: -4521 | AZ8: 0 | BA8: 0 | BB8: 0 | BC8: 0 | BD8: 51826.96 | BE8: =IF(COUNT(AR8,AS8,AT8,AU8,AV8,AW8,AX8,AY8,BB8,BC8,AZ8)>0,SUM(AR8,AS8,AT8,AU8,AV8,AW8,AX8,AY8,BB8,BC8,AZ8),"-") -> 52158.48 | BF8: 0 | BG8: =IF(AND(ISNUMBER(AQ8)),SUM(AQ8,BE8,BA8,BF8),"-") -> 4370088.1 | BH8: 0 | BI8: =IF(AND(ISNUMBER(BG8)),SUM(BG8,BH8),"-") -> 4370088.1 | BJ8: =IF(AND(ISNUMBER(AN8),ISNUMBER(Y8),ISNUMBER(I8),I8<>0),(AN8-Y8)/I8,"-") -> 6.7218495 | BK8: =IF(AND(ISNUMBER(AN8),ISNUMBER(I8),I8<>0),AN8/I8,"-") -> 7.3968816 | BL8: =IF(AND(ISNUMBER(BI8),ISNUMBER(Y8),ISNUMBER(I8),I8<>0),(BI8-Y8)/I8,"-") -> 6.8112002 | BM8: =IF(AND(ISNUMBER(BI8),ISNUMBER(I8),I8<>0),BI8/I8,"-") -> 7.4862323
A9: NOV-2025 | B9: GHB02543 | C9: 30591 | D9: HTP-I | E9: 1525 | F9: 1226 | G9: 1296 | H9: 0.987 | I9: 403430 | J9: =IF(AND(ISNUMBER(I9),ISNUMBER(I8),I8<>0),(I9-I8)/I8,"-") -> -0.30889936 | K9: 112820 | L9: =IF(AND(ISNUMBER(K9),ISNUMBER(I9),I9<>0),K9/I9,"-") -> 0.27965198 | M9: 140040 | N9: =IF(AND(ISNUMBER(M9),ISNUMBER(I9),I9<>0),M9/I9,"-") -> 0.34712342 | O9: 134477 | P9: 112820 | Q9: =IF(COUNT(U9,W9)>0,SUM(U9,W9),"-") -> 40028 | R9: =IF(AND(ISNUMBER(I9),ISNUMBER(S9)),I9-S9,"-") -> 401995 | S9: 1435 | T9: =IF(AND(ISNUMBER(S9),ISNUMBER(Q9),Q9<>0),S9/Q9,"-") -> 0.035849905 | U9: 515 | V9: =IF(AND(ISNUMBER(U9),ISNUMBER(Q9),Q9<>0),U9/Q9,"-") -> 0.012865994 | W9: 39513 | X9: =IF(AND(ISNUMBER(W9),ISNUMBER(Q9),Q9<>0),W9/Q9,"-") -> 0.98713401 | Y9: 345600 | Z9: =IF(AND(ISNUMBER(Y9),ISNUMBER(AN9),AN9<>0),Y9/AN9,"-") -> 0.11373515 | AA9: 0 | AB9: 1694406 | AC9: =IF(AND(ISNUMBER(AB9),ISNUMBER(AN9),AN9<>0),AB9/AN9,"-") -> 0.55762014 | AD9: 927889 | AE9: =IF(AND(ISNUMBER(AD9),ISNUMBER(AN9),AN9<>0),AD9/AN9,"-") -> 0.30536341 | AF9: - | AG9: - | AH9: - | AI9: -31346.51 | AJ9: 0 | AK9: -16944.06 | AL9: 119034 | AM9: =IF(AND(ISNUMBER(AL9),ISNUMBER(AN9),AN9<>0),AL9/AN9,"-") -> 0.039173466 | AN9: =IF(AND(ISNUMBER(Y9),ISNUMBER(AB9)),SUM(Y9,AA9,AB9,AD9,AF9,AG9,AI9,AJ9,AK9,AL9),"-") -> 3038638.4 | AO9: 3038638.4 | AP9: 0 | AQ9: =IF(AND(ISNUMBER(AO9)),SUM(AO9,AP9),"-") -> 3038638.4 | AR9: 59269.5 | AS9: -1015.84 | AT9: -9116.56 | AU9: 0 | AV9: 0 | AW9: 0 | AX9: 0 | AY9: -4370 | AZ9: 0 | BA9: 0 | BB9: 0 | BC9: 0 | BD9: 44289.68 | BE9: =IF(COUNT(AR9,AS9,AT9,AU9,AV9,AW9,AX9,AY9,BB9,BC9,AZ9)>0,SUM(AR9,AS9,AT9,AU9,AV9,AW9,AX9,AY9,BB9,BC9,AZ9),"-") -> 44767.1 | BF9: 0 | BG9: =IF(AND(ISNUMBER(AQ9)),SUM(AQ9,BE9,BA9,BF9),"-") -> 3083405.5 | BH9: 0 | BI9: =IF(AND(ISNUMBER(BG9)),SUM(BG9,BH9),"-") -> 3083405.5 | BJ9: =IF(AND(ISNUMBER(AN9),ISNUMBER(Y9),ISNUMBER(I9),I9<>0),(AN9-Y9)/I9,"-") -> 6.6753549 | BK9: =IF(AND(ISNUMBER(AN9),ISNUMBER(I9),I9<>0),AN9/I9,"-") -> 7.5320091 | BL9: =IF(AND(ISNUMBER(BI9),ISNUMBER(Y9),ISNUMBER(I9),I9<>0),(BI9-Y9)/I9,"-") -> 6.7863211 | BM9: =IF(AND(ISNUMBER(BI9),ISNUMBER(I9),I9<>0),BI9/I9,"-") -> 7.6429753
A10: DEC-2025 | B10: GHB02543 | C10: 30591 | D10: HTP-I | E10: 1525 | F10: 1035 | G10: 1296 | H10: 0.996 | I10: 448590 | J10: =IF(AND(ISNUMBER(I10),ISNUMBER(I9),I9<>0),(I10-I9)/I9,"-") -> 0.11194011 | K10: 135740 | L10: =IF(AND(ISNUMBER(K10),ISNUMBER(I10),I10<>0),K10/I10,"-") -> 0.30259257 | M10: 152560 | N10: =IF(AND(ISNUMBER(M10),ISNUMBER(I10),I10<>0),M10/I10,"-") -> 0.34008783 | O10: 149530 | P10: 135740 | Q10: =IF(COUNT(U10,W10)>0,SUM(U10,W10),"-") -> 35952 | R10: =IF(AND(ISNUMBER(I10),ISNUMBER(S10)),I10-S10,"-") -> 447882 | S10: 708 | T10: =IF(AND(ISNUMBER(S10),ISNUMBER(Q10),Q10<>0),S10/Q10,"-") -> 0.019692924 | U10: 4532 | V10: =IF(AND(ISNUMBER(U10),ISNUMBER(Q10),Q10<>0),U10/Q10,"-") -> 0.12605696 | W10: 31420 | X10: =IF(AND(ISNUMBER(W10),ISNUMBER(Q10),Q10<>0),W10/Q10,"-") -> 0.87394304 | Y10: 345600 | Z10: =IF(AND(ISNUMBER(Y10),ISNUMBER(AN10),AN10<>0),Y10/AN10,"-") -> 0.10381694 | AA10: 0 | AB10: 1884078 | AC10: =IF(AND(ISNUMBER(AB10),ISNUMBER(AN10),AN10<>0),AB10/AN10,"-") -> 0.56596995 | AD10: 1031757 | AE10: =IF(AND(ISNUMBER(AD10),ISNUMBER(AN10),AN10<>0),AD10/AN10,"-") -> 0.30993593 | AF10: - | AG10: - | AH10: - | AI10: -43333.79 | AJ10: 0 | AK10: -18840.78 | AL10: 129676 | AM10: =IF(AND(ISNUMBER(AL10),ISNUMBER(AN10),AN10<>0),AL10/AN10,"-") -> 0.038954183 | AN10: =IF(AND(ISNUMBER(Y10),ISNUMBER(AB10)),SUM(Y10,AA10,AB10,AD10,AF10,AG10,AI10,AJ10,AK10,AL10),"-") -> 3328936.4 | AO10: 3328936.4 | AP10: 0 | AQ10: =IF(AND(ISNUMBER(AO10)),SUM(AO10,AP10),"-") -> 3328936.4 | AR10: 47130 | AS10: -8939.37 | AT10: -4497.92 | AU10: 0 | AV10: 0 | AW10: 0 | AX10: 0 | AY10: -3083 | AZ10: 0 | BA10: 0 | BB10: 0 | BC10: 0 | BD10: 28848.82 | BE10: =IF(COUNT(AR10,AS10,AT10,AU10,AV10,AW10,AX10,AY10,BB10,BC10,AZ10)>0,SUM(AR10,AS10,AT10,AU10,AV10,AW10,AX10,AY10,BB10,BC10,AZ10),"-") -> 30609.71 | BF10: 0 | BG10: =IF(AND(ISNUMBER(AQ10)),SUM(AQ10,BE10,BA10,BF10),"-") -> 3359546.1 | BH10: 0 | BI10: =IF(AND(ISNUMBER(BG10)),SUM(BG10,BH10),"-") -> 3359546.1 | BJ10: =IF(AND(ISNUMBER(AN10),ISNUMBER(Y10),ISNUMBER(I10),I10<>0),(AN10-Y10)/I10,"-") -> 6.6504747 | BK10: =IF(AND(ISNUMBER(AN10),ISNUMBER(I10),I10<>0),AN10/I10,"-") -> 7.4208886 | BL10: =IF(AND(ISNUMBER(BI10),ISNUMBER(Y10),ISNUMBER(I10),I10<>0),(BI10-Y10)/I10,"-") -> 6.71871 | BM10: =IF(AND(ISNUMBER(BI10),ISNUMBER(I10),I10<>0),BI10/I10,"-") -> 7.489124
A11: JAN-2026 | B11: GHB02543 | C11: 30591 | D11: HTP-I | E11: 1525 | F11: 1015 | G11: 1296 | H11: 0.998 | I11: 490800 | J11: =IF(AND(ISNUMBER(I11),ISNUMBER(I10),I10<>0),(I11-I10)/I10,"-") -> 0.09409483 | K11: 156160 | L11: =IF(AND(ISNUMBER(K11),ISNUMBER(I11),I11<>0),K11/I11,"-") -> 0.31817441 | M11: 165880 | N11: =IF(AND(ISNUMBER(M11),ISNUMBER(I11),I11<>0),M11/I11,"-") -> 0.33797881 | O11: 163600 | P11: 156160 | Q11: =IF(COUNT(U11,W11)>0,SUM(U11,W11),"-") -> 30700 | R11: =IF(AND(ISNUMBER(I11),ISNUMBER(S11)),I11-S11,"-") -> 489145 | S11: 1655 | T11: =IF(AND(ISNUMBER(S11),ISNUMBER(Q11),Q11<>0),S11/Q11,"-") -> 0.053908795 | U11: 1317 | V11: =IF(AND(ISNUMBER(U11),ISNUMBER(Q11),Q11<>0),U11/Q11,"-") -> 0.042899023 | W11: 29383 | X11: =IF(AND(ISNUMBER(W11),ISNUMBER(Q11),Q11<>0),W11/Q11,"-") -> 0.95710098 | Y11: 345600 | Z11: =IF(AND(ISNUMBER(Y11),ISNUMBER(AN11),AN11<>0),Y11/AN11,"-") -> 0.095821353 | AA11: 0 | AB11: 2061360 | AC11: =IF(AND(ISNUMBER(AB11),ISNUMBER(AN11),AN11<>0),AB11/AN11,"-") -> 0.57153444 | AD11: 1128840 | AE11: =IF(AND(ISNUMBER(AD11),ISNUMBER(AN11),AN11<>0),AD11/AN11,"-") -> 0.31298315 | AF11: - | AG11: - | AH11: - | AI11: -49472.64 | AJ11: 0 | AK11: -20613.6 | AL11: 140998 | AM11: =IF(AND(ISNUMBER(AL11),ISNUMBER(AN11),AN11<>0),AL11/AN11,"-") -> 0.039093227 | AN11: =IF(AND(ISNUMBER(Y11),ISNUMBER(AB11)),SUM(Y11,AA11,AB11,AD11,AF11,AG11,AI11,AJ11,AK11,AL11),"-") -> 3606711.8 | AO11: 3606711.8 | AP11: 0 | AQ11: =IF(AND(ISNUMBER(AO11)),SUM(AO11,AP11),"-") -> 3606711.8 | AR11: 44074.5 | AS11: -2597.78 | AT11: -10514.22 | AU11: 0 | AV11: 0 | AW11: 0 | AX11: 0 | AY11: -3358 | AZ11: 0 | BA11: 0 | BB11: 0 | BC11: 0 | BD11: 26123.75 | BE11: =IF(COUNT(AR11,AS11,AT11,AU11,AV11,AW11,AX11,AY11,BB11,BC11,AZ11)>0,SUM(AR11,AS11,AT11,AU11,AV11,AW11,AX11,AY11,BB11,BC11,AZ11),"-") -> 27604.5 | BF11: 0 | BG11: =IF(AND(ISNUMBER(AQ11)),SUM(AQ11,BE11,BA11,BF11),"-") -> 3634316.3 | BH11: 0 | BI11: =IF(AND(ISNUMBER(BG11)),SUM(BG11,BH11),"-") -> 3634316.3 | BJ11: =IF(AND(ISNUMBER(AN11),ISNUMBER(Y11),ISNUMBER(I11),I11<>0),(AN11-Y11)/I11,"-") -> 6.644482 | BK11: =IF(AND(ISNUMBER(AN11),ISNUMBER(I11),I11<>0),AN11/I11,"-") -> 7.3486385 | BL11: =IF(AND(ISNUMBER(BI11),ISNUMBER(Y11),ISNUMBER(I11),I11<>0),(BI11-Y11)/I11,"-") -> 6.7007259 | BM11: =IF(AND(ISNUMBER(BI11),ISNUMBER(I11),I11<>0),BI11/I11,"-") -> 7.4048824
A12: FEB-2026 | B12: GHB02543 | C12: 30591 | D12: HTP-I | E12: 2325 | F12: 1058 | G12: 1976 | H12: 0.997 | I12: 485045 | J12: =IF(AND(ISNUMBER(I12),ISNUMBER(I11),I11<>0),(I12-I11)/I11,"-") -> -0.011725754 | K12: 152785 | L12: =IF(AND(ISNUMBER(K12),ISNUMBER(I12),I12<>0),K12/I12,"-") -> 0.31499139 | M12: 169350 | N12: =IF(AND(ISNUMBER(M12),ISNUMBER(I12),I12<>0),M12/I12,"-") -> 0.34914286 | O12: 161682 | P12: 152785 | Q12: =IF(COUNT(U12,W12)>0,SUM(U12,W12),"-") -> 38328 | R12: =IF(AND(ISNUMBER(I12),ISNUMBER(S12)),I12-S12,"-") -> 484409 | S12: 636 | T12: =IF(AND(ISNUMBER(S12),ISNUMBER(Q12),Q12<>0),S12/Q12,"-") -> 0.016593613 | U12: 1335 | V12: =IF(AND(ISNUMBER(U12),ISNUMBER(Q12),Q12<>0),U12/Q12,"-") -> 0.034830933 | W12: 36993 | X12: =IF(AND(ISNUMBER(W12),ISNUMBER(Q12),Q12<>0),W12/Q12,"-") -> 0.96516907 | Y12: 549207.14 | Z12: =IF(AND(ISNUMBER(Y12),ISNUMBER(AN12),AN12<>0),Y12/AN12,"-") -> 0.1453813 | AA12: 0 | AB12: 2037189 | AC12: =IF(AND(ISNUMBER(AB12),ISNUMBER(AN12),AN12<>0),AB12/AN12,"-") -> 0.53926683 | AD12: 1115603.5 | AE12: =IF(AND(ISNUMBER(AD12),ISNUMBER(AN12),AN12<>0),AD12/AN12,"-") -> 0.29531279 | AF12: - | AG12: - | AH12: - | AI12: -47873.94 | AJ12: 0 | AK12: -20371.89 | AL12: 143947.5 | AM12: =IF(AND(ISNUMBER(AL12),ISNUMBER(AN12),AN12<>0),AL12/AN12,"-") -> 0.038104521 | AN12: =IF(AND(ISNUMBER(Y12),ISNUMBER(AB12)),SUM(Y12,AA12,AB12,AD12,AF12,AG12,AI12,AJ12,AK12,AL12),"-") -> 3777701.3 | AO12: 3839415.6 | AP12: 0 | AQ12: =IF(AND(ISNUMBER(AO12)),SUM(AO12,AP12),"-") -> 3839415.6 | AR12: 55489.5 | AS12: -2633.29 | AT12: -4040.51 | AU12: 0 | AV12: 0 | AW12: 0 | AX12: 0 | AY12: -3633 | AZ12: 0 | BA12: 0 | BB12: 0 | BC12: 0 | BD12: 43982.21 | BE12: =IF(COUNT(AR12,AS12,AT12,AU12,AV12,AW12,AX12,AY12,BB12,BC12,AZ12)>0,SUM(AR12,AS12,AT12,AU12,AV12,AW12,AX12,AY12,BB12,BC12,AZ12),"-") -> 45182.7 | BF12: 0 | BG12: =IF(AND(ISNUMBER(AQ12)),SUM(AQ12,BE12,BA12,BF12),"-") -> 3884598.3 | BH12: 0 | BI12: =IF(AND(ISNUMBER(BG12)),SUM(BG12,BH12),"-") -> 3884598.3 | BJ12: =IF(AND(ISNUMBER(AN12),ISNUMBER(Y12),ISNUMBER(I12),I12<>0),(AN12-Y12)/I12,"-") -> 6.6560714 | BK12: =IF(AND(ISNUMBER(AN12),ISNUMBER(I12),I12<>0),AN12/I12,"-") -> 7.7883522 | BL12: =IF(AND(ISNUMBER(BI12),ISNUMBER(Y12),ISNUMBER(I12),I12<>0),(BI12-Y12)/I12,"-") -> 6.8764571 | BM12: =IF(AND(ISNUMBER(BI12),ISNUMBER(I12),I12<>0),BI12/I12,"-") -> 8.008738

Sheet Summary
A1: Billing Month | B1: Meter No. | C1: Customer ID | D1: Tarrif Category | E1: Contract Demand | F1: Actual Max demand | G1: Billing Demand | H1: Avg PF % | I1: kWh (Units) Consumed | J1: % Increase in kWh | K1: Night Hr. Units | L1: % of Total units | M1: TOU kWh | N1: % of Total units | O1: 1/3 of Total Units | P1: E. Night Concession Units | Q1: Solar Gen Units | R1: Solar Net Billed Units | S1: Solar Setoff Units | T1: Solar Set-off units % | U1: Solar Surplus/Export Units | V1: Solar Surplus % | W1: Solar Gen. Units considered for banking charges | X1: Solar Banking Units % | Y1: Demand Charges | Z1: Demand Charges % | AA1: Excess Demand Charges | AB1: Energy Charges (Rs) | AC1: Energy Charges % | AD1: Fuel Surcharge | AE1: Fuel Surcharge % | AF1: Base FPPAS | AG1: FPPAS Charges | AH1: FPPAS % | AI1: PF Adjust. (Rs) | AJ1: Night Rebate | AK1: EHV Rebate | AL1: TOU Charges | AM1: TOU Charges % | AN1: Total Energy/Consumption Charges | AO1: Total Consumption Charges | AP1: Electricity Duty | AQ1: Current bill Month | AR1: Solar Banking (Rs1.1/kWh) | AS1: Solar Credit (Rs.2.25/kWh) (Rs) | AT1: Solar Set off Credit | AU1: Wheeling charges | AV1: Previous Dues | AW1: Electricity Duty Credits | AX1: TOU Charge Credits | AY1: TDS Credits | AZ1: Other Debits | BA1: Delayed Payment Charges | BB1: Security Deposit Interest | BC1: Other Credits | BD1: Adv Payment/ Adjustment | BE1: Formula Adv Adjustment | BF1: Outstanding Arrears | BG1: Net Payable | BH1: TCS | BI1: Total Payable (Rs) | BJ1: Total Consumption-Demand Charge Unit Rate | BK1: Unit Rate (Total Consumption Charge) | BL1: Total Net Payable – Demand Charge Unit Rate | BM1: Unit Rate (Total Payable)
A2: Summary (SUM / AVERAGE) | C2: 30591 | H2: =IF(COUNT('Extracted Bills'!H2,'Extracted Bills'!H3,'Extracted Bills'!H4,'Extracted Bills'!H5,'Extracted Bills'!H6,'Extracted Bills'!H7,'Extracted Bills'!H8,'Extracted Bills'!H9,'Extracted Bills'!H10,'Extracted Bills'!H11,'Extracted Bills'!H12)>0,AVERAGE('Extracted Bills'!H2,'Extracted Bills'!H3,'Extracted Bills'!H4,'Extracted Bills'!H5,'Extracted Bills'!H6,'Extracted Bills'!H7,'Extracted Bills'!H8,'Extracted Bills'!H9,'Extracted Bills'!H10,'Extracted Bills'!H11,'Extracted Bills'!H12),"-") -> 0.99018182 | I2: =IF(COUNT('Extracted Bills'!I2,'Extracted Bills'!I3,'Extracted Bills'!I4,'Extracted Bills'!I5,'Extracted Bills'!I6,'Extracted Bills'!I7,'Extracted Bills'!I8,'Extracted Bills'!I9,'Extracted Bills'!I10,'Extracted Bills'!I11,'Extracted Bills'!I12)>0,AVERAGE('Extracted Bills'!I2,'Extracted Bills'!I3,'Extracted Bills'!I4,'Extracted Bills'!I5,'Extracted Bills'!I6,'Extracted Bills'!I7,'Extracted Bills'!I8,'Extracted Bills'!I9,'Extracted Bills'!I10,'Extracted Bills'!I11,'Extracted Bills'!I12),"-") -> 520255 | K2: =IF(COUNT('Extracted Bills'!K2,'Extracted Bills'!K3,'Extracted Bills'!K4,'Extracted Bills'!K5,'Extracted Bills'!K6,'Extracted Bills'!K7,'Extracted Bills'!K8,'Extracted Bills'!K9,'Extracted Bills'!K10,'Extracted Bills'!K11,'Extracted Bills'!K12)>0,AVERAGE('Extracted Bills'!K2,'Extracted Bills'!K3,'Extracted Bills'!K4,'Extracted Bills'!K5,'Extracted Bills'!K6,'Extracted Bills'!K7,'Extracted Bills'!K8,'Extracted Bills'!K9,'Extracted Bills'!K10,'Extracted Bills'!K11,'Extracted Bills'!K12),"-") -> 162140.45 | L2: =IF(COUNT('Extracted Bills'!L2,'Extracted Bills'!L3,'Extracted Bills'!L4,'Extracted Bills'!L5,'Extracted Bills'!L6,'Extracted Bills'!L7,'Extracted Bills'!L8,'Extracted Bills'!L9,'Extracted Bills'!L10,'Extracted Bills'!L11,'Extracted Bills'!L12)>0,AVERAGE('Extracted Bills'!L2,'Extracted Bills'!L3,'Extracted Bills'!L4,'Extracted Bills'!L5,'Extracted Bills'!L6,'Extracted Bills'!L7,'Extracted Bills'!L8,'Extracted Bills'!L9,'Extracted Bills'!L10,'Extracted Bills'!L11,'Extracted Bills'!L12),"-") -> 0.31203288 | M2: =IF(COUNT('Extracted Bills'!M2,'Extracted Bills'!M3,'Extracted Bills'!M4,'Extracted Bills'!M5,'Extracted Bills'!M6,'Extracted Bills'!M7,'Extracted Bills'!M8,'Extracted Bills'!M9,'Extracted Bills'!M10,'Extracted Bills'!M11,'Extracted Bills'!M12)>0,AVERAGE('Extracted Bills'!M2,'Extracted Bills'!M3,'Extracted Bills'!M4,'Extracted Bills'!M5,'Extracted Bills'!M6,'Extracted Bills'!M7,'Extracted Bills'!M8,'Extracted Bills'!M9,'Extracted Bills'!M10,'Extracted Bills'!M11,'Extracted Bills'!M12),"-") -> 180638.18 | N2: =IF(COUNT('Extracted Bills'!N2,'Extracted Bills'!N3,'Extracted Bills'!N4,'Extracted Bills'!N5,'Extracted Bills'!N6,'Extracted Bills'!N7,'Extracted Bills'!N8,'Extracted Bills'!N9,'Extracted Bills'!N10,'Extracted Bills'!N11,'Extracted Bills'!N12)>0,AVERAGE('Extracted Bills'!N2,'Extracted Bills'!N3,'Extracted Bills'!N4,'Extracted Bills'!N5,'Extracted Bills'!N6,'Extracted Bills'!N7,'Extracted Bills'!N8,'Extracted Bills'!N9,'Extracted Bills'!N10,'Extracted Bills'!N11,'Extracted Bills'!N12),"-") -> 0.34743616 | O2: =IF(COUNT('Extracted Bills'!O2,'Extracted Bills'!O3,'Extracted Bills'!O4,'Extracted Bills'!O5,'Extracted Bills'!O6,'Extracted Bills'!O7,'Extracted Bills'!O8,'Extracted Bills'!O9,'Extracted Bills'!O10,'Extracted Bills'!O11,'Extracted Bills'!O12)>0,AVERAGE('Extracted Bills'!O2,'Extracted Bills'!O3,'Extracted Bills'!O4,'Extracted Bills'!O5,'Extracted Bills'!O6,'Extracted Bills'!O7,'Extracted Bills'!O8,'Extracted Bills'!O9,'Extracted Bills'!O10,'Extracted Bills'!O11,'Extracted Bills'!O12),"-") -> 173418.45 | Q2: =IF(COUNT('Extracted Bills'!Q2,'Extracted Bills'!Q3,'Extracted Bills'!Q4,'Extracted Bills'!Q5,'Extracted Bills'!Q6,'Extracted Bills'!Q7,'Extracted Bills'!Q8,'Extracted Bills'!Q9,'Extracted Bills'!Q10,'Extracted Bills'!Q11,'Extracted Bills'!Q12)>0,SUM('Extracted Bills'!Q2,'Extracted Bills'!Q3,'Extracted Bills'!Q4,'Extracted Bills'!Q5,'Extracted Bills'!Q6,'Extracted Bills'!Q7,'Extracted Bills'!Q8,'Extracted Bills'!Q9,'Extracted Bills'!Q10,'Extracted Bills'!Q11,'Extracted Bills'!Q12),"-") -> 558374 | T2: =IF(COUNT('Extracted Bills'!T2,'Extracted Bills'!T3,'Extracted Bills'!T4,'Extracted Bills'!T5,'Extracted Bills'!T6,'Extracted Bills'!T7,'Extracted Bills'!T8,'Extracted Bills'!T9,'Extracted Bills'!T10,'Extracted Bills'!T11,'Extracted Bills'!T12)>0,AVERAGE('Extracted Bills'!T2,'Extracted Bills'!T3,'Extracted Bills'!T4,'Extracted Bills'!T5,'Extracted Bills'!T6,'Extracted Bills'!T7,'Extracted Bills'!T8,'Extracted Bills'!T9,'Extracted Bills'!T10,'Extracted Bills'!T11,'Extracted Bills'!T12),"-") -> 0.022762063 | V2: =IF(COUNT('Extracted Bills'!V2,'Extracted Bills'!V3,'Extracted Bills'!V4,'Extracted Bills'!V5,'Extracted Bills'!V6,'Extracted Bills'!V7,'Extracted Bills'!V8,'Extracted Bills'!V9,'Extracted Bills'!V10,'Extracted Bills'!V11,'Extracted Bills'!V12)>0,AVERAGE('Extracted Bills'!V2,'Extracted Bills'!V3,'Extracted Bills'!V4,'Extracted Bills'!V5,'Extracted Bills'!V6,'Extracted Bills'!V7,'Extracted Bills'!V8,'Extracted Bills'!V9,'Extracted Bills'!V10,'Extracted Bills'!V11,'Extracted Bills'!V12),"-") -> 0.041499644 | W2: =IF(COUNT('Extracted Bills'!W2,'Extracted Bills'!W3,'Extracted Bills'!W4,'Extracted Bills'!W5,'Extracted Bills'!W6,'Extracted Bills'!W7,'Extracted Bills'!W8,'Extracted Bills'!W9,'Extracted Bills'!W10,'Extracted Bills'!W11,'Extracted Bills'!W12)>0,AVERAGE('Extracted Bills'!W2,'Extracted Bills'!W3,'Extracted Bills'!W4,'Extracted Bills'!W5,'Extracted Bills'!W6,'Extracted Bills'!W7,'Extracted Bills'!W8,'Extracted Bills'!W9,'Extracted Bills'!W10,'Extracted Bills'!W11,'Extracted Bills'!W12),"-") -> 48619.636 | X2: =IF(COUNT('Extracted Bills'!X2,'Extracted Bills'!X3,'Extracted Bills'!X4,'Extracted Bills'!X5,'Extracted Bills'!X6,'Extracted Bills'!X7,'Extracted Bills'!X8,'Extracted Bills'!X9,'Extracted Bills'!X10,'Extracted Bills'!X11,'Extracted Bills'!X12)>0,AVERAGE('Extracted Bills'!X2,'Extracted Bills'!X3,'Extracted Bills'!X4,'Extracted Bills'!X5,'Extracted Bills'!X6,'Extracted Bills'!X7,'Extracted Bills'!X8,'Extracted Bills'!X9,'Extracted Bills'!X10,'Extracted Bills'!X11,'Extracted Bills'!X12),"-") -> 0.95850036 | Y2: =IF(COUNT('Extracted Bills'!Y2,'Extracted Bills'!Y3,'Extracted Bills'!Y4,'Extracted Bills'!Y5,'Extracted Bills'!Y6,'Extracted Bills'!Y7,'Extracted Bills'!Y8,'Extracted Bills'!Y9,'Extracted Bills'!Y10,'Extracted Bills'!Y11,'Extracted Bills'!Y12)>0,SUM('Extracted Bills'!Y2,'Extracted Bills'!Y3,'Extracted Bills'!Y4,'Extracted Bills'!Y5,'Extracted Bills'!Y6,'Extracted Bills'!Y7,'Extracted Bills'!Y8,'Extracted Bills'!Y9,'Extracted Bills'!Y10,'Extracted Bills'!Y11,'Extracted Bills'!Y12),"-") -> 4211832.1 | Z2: =IF(COUNT('Extracted Bills'!Z2,'Extracted Bills'!Z3,'Extracted Bills'!Z4,'Extracted Bills'!Z5,'Extracted Bills'!Z6,'Extracted Bills'!Z7,'Extracted Bills'!Z8,'Extracted Bills'!Z9,'Extracted Bills'!Z10,'Extracted Bills'!Z11,'Extracted Bills'!Z12)>0,AVERAGE('Extracted Bills'!Z2,'Extracted Bills'!Z3,'Extracted Bills'!Z4,'Extracted Bills'!Z5,'Extracted Bills'!Z6,'Extracted Bills'!Z7,'Extracted Bills'!Z8,'Extracted Bills'!Z9,'Extracted Bills'!Z10,'Extracted Bills'!Z11,'Extracted Bills'!Z12),"-") -> 0.10058232 | AB2: =IF(COUNT('Extracted Bills'!AB2,'Extracted Bills'!AB3,'Extracted Bills'!AB4,'Extracted Bills'!AB5,'Extracted Bills'!AB6,'Extracted Bills'!AB7,'Extracted Bills'!AB8,'Extracted Bills'!AB9,'Extracted Bills'!AB10,'Extracted Bills'!AB11,'Extracted Bills'!AB12)>0,SUM('Extracted Bills'!AB2,'Extracted Bills'!AB3,'Extracted Bills'!AB4,'Extracted Bills'!AB5,'Extracted Bills'!AB6,'Extracted Bills'!AB7,'Extracted Bills'!AB8,'Extracted Bills'!AB9,'Extracted Bills'!AB10,'Extracted Bills'!AB11,'Extracted Bills'!AB12),"-") -> 24035781 | AC2: =IF(COUNT('Extracted Bills'!AC2,'Extracted Bills'!AC3,'Extracted Bills'!AC4,'Extracted Bills'!AC5,'Extracted Bills'!AC6,'Extracted Bills'!AC7,'Extracted Bills'!AC8,'Extracted Bills'!AC9,'Extracted Bills'!AC10,'Extracted Bills'!AC11,'Extracted Bills'!AC12)>0,AVERAGE('Extracted Bills'!AC2,'Extracted Bills'!AC3,'Extracted Bills'!AC4,'Extracted Bills'!AC5,'Extracted Bills'!AC6,'Extracted Bills'!AC7,'Extracted Bills'!AC8,'Extracted Bills'!AC9,'Extracted Bills'!AC10,'Extracted Bills'!AC11,'Extracted Bills'!AC12),"-") -> 0.56043472 | AD2: =IF(COUNT('Extracted Bills'!AD2,'Extracted Bills'!AD3,'Extracted Bills'!AD4,'Extracted Bills'!AD5,'Extracted Bills'!AD6,'Extracted Bills'!AD7,'Extracted Bills'!AD8,'Extracted Bills'!AD9,'Extracted Bills'!AD10,'Extracted Bills'!AD11,'Extracted Bills'!AD12)>0,SUM('Extracted Bills'!AD2,'Extracted Bills'!AD3,'Extracted Bills'!AD4,'Extracted Bills'!AD5,'Extracted Bills'!AD6,'Extracted Bills'!AD7,'Extracted Bills'!AD8,'Extracted Bills'!AD9,'Extracted Bills'!AD10,'Extracted Bills'!AD11,'Extracted Bills'!AD12),"-") -> 13564315 | AE2: =IF(COUNT('Extracted Bills'!AE2,'Extracted Bills'!AE3,'Extracted Bills'!AE4,'Extracted Bills'!AE5,'Extracted Bills'!AE6,'Extracted Bills'!AE7,'Extracted Bills'!AE8,'Extracted Bills'!AE9,'Extracted Bills'!AE10,'Extracted Bills'!AE11,'Extracted Bills'!AE12)>0,AVERAGE('Extracted Bills'!AE2,'Extracted Bills'!AE3,'Extracted Bills'!AE4,'Extracted Bills'!AE5,'Extracted Bills'!AE6,'Extracted Bills'!AE7,'Extracted Bills'!AE8,'Extracted Bills'!AE9,'Extracted Bills'!AE10,'Extracted Bills'!AE11,'Extracted Bills'!AE12),"-") -> 0.31595245 | AI2: =IF(COUNT('Extracted Bills'!AI2,'Extracted Bills'!AI3,'Extracted Bills'!AI4,'Extracted Bills'!AI5,'Extracted Bills'!AI6,'Extracted Bills'!AI7,'Extracted Bills'!AI8,'Extracted Bills'!AI9,'Extracted Bills'!AI10,'Extracted Bills'!AI11,'Extracted Bills'!AI12)>0,SUM('Extracted Bills'!AI2,'Extracted Bills'!AI3,'Extracted Bills'!AI4,'Extracted Bills'!AI5,'Extracted Bills'!AI6,'Extracted Bills'!AI7,'Extracted Bills'!AI8,'Extracted Bills'!AI9,'Extracted Bills'!AI10,'Extracted Bills'!AI11,'Extracted Bills'!AI12),"-") -> -479020.93 | AK2: =IF(COUNT('Extracted Bills'!AK2,'Extracted Bills'!AK3,'Extracted Bills'!AK4,'Extracted Bills'!AK5,'Extracted Bills'!AK6,'Extracted Bills'!AK7,'Extracted Bills'!AK8,'Extracted Bills'!AK9,'Extracted Bills'!AK10,'Extracted Bills'!AK11,'Extracted Bills'!AK12)>0,SUM('Extracted Bills'!AK2,'Extracted Bills'!AK3,'Extracted Bills'!AK4,'Extracted Bills'!AK5,'Extracted Bills'!AK6,'Extracted Bills'!AK7,'Extracted Bills'!AK8,'Extracted Bills'!AK9,'Extracted Bills'!AK10,'Extracted Bills'!AK11,'Extracted Bills'!AK12),"-") -> -224416.71 | AL2: =IF(COUNT('Extracted Bills'!AL2,'Extracted Bills'!AL3,'Extracted Bills'!AL4,'Extracted Bills'!AL5,'Extracted Bills'!AL6,'Extracted Bills'!AL7,'Extracted Bills'!AL8,'Extracted Bills'!AL9,'Extracted Bills'!AL10,'Extracted Bills'!AL11,'Extracted Bills'!AL12)>0,SUM('Extracted Bills'!AL2,'Extracted Bills'!AL3,'Extracted Bills'!AL4,'Extracted Bills'!AL5,'Extracted Bills'!AL6,'Extracted Bills'!AL7,'Extracted Bills'!AL8,'Extracted Bills'!AL9,'Extracted Bills'!AL10,'Extracted Bills'!AL11,'Extracted Bills'!AL12),"-") -> 1688967 | AM2: =IF(COUNT('Extracted Bills'!AM2,'Extracted Bills'!AM3,'Extracted Bills'!AM4,'Extracted Bills'!AM5,'Extracted Bills'!AM6,'Extracted Bills'!AM7,'Extracted Bills'!AM8,'Extracted Bills'!AM9,'Extracted Bills'!AM10,'Extracted Bills'!AM11,'Extracted Bills'!AM12)>0,AVERAGE('Extracted Bills'!AM2,'Extracted Bills'!AM3,'Extracted Bills'!AM4,'Extracted Bills'!AM5,'Extracted Bills'!AM6,'Extracted Bills'!AM7,'Extracted Bills'!AM8,'Extracted Bills'!AM9,'Extracted Bills'!AM10,'Extracted Bills'!AM11,'Extracted Bills'!AM12),"-") -> 0.039396961 | AN2: =IF(COUNT('Extracted Bills'!AN2,'Extracted Bills'!AN3,'Extracted Bills'!AN4,'Extracted Bills'!AN5,'Extracted Bills'!AN6,'Extracted Bills'!AN7,'Extracted Bills'!AN8,'Extracted Bills'!AN9,'Extracted Bills'!AN10,'Extracted Bills'!AN11,'Extracted Bills'!AN12)>0,SUM('Extracted Bills'!AN2,'Extracted Bills'!AN3,'Extracted Bills'!AN4,'Extracted Bills'!AN5,'Extracted Bills'!AN6,'Extracted Bills'!AN7,'Extracted Bills'!AN8,'Extracted Bills'!AN9,'Extracted Bills'!AN10,'Extracted Bills'!AN11,'Extracted Bills'!AN12),"-") -> 42797458 | AO2: =IF(COUNT('Extracted Bills'!AO2,'Extracted Bills'!AO3,'Extracted Bills'!AO4,'Extracted Bills'!AO5,'Extracted Bills'!AO6,'Extracted Bills'!AO7,'Extracted Bills'!AO8,'Extracted Bills'!AO9,'Extracted Bills'!AO10,'Extracted Bills'!AO11,'Extracted Bills'!AO12)>0,SUM('Extracted Bills'!AO2,'Extracted Bills'!AO3,'Extracted Bills'!AO4,'Extracted Bills'!AO5,'Extracted Bills'!AO6,'Extracted Bills'!AO7,'Extracted Bills'!AO8,'Extracted Bills'!AO9,'Extracted Bills'!AO10,'Extracted Bills'!AO11,'Extracted Bills'!AO12),"-") -> 42859172 | AP2: =IF(COUNT('Extracted Bills'!AP2,'Extracted Bills'!AP3,'Extracted Bills'!AP4,'Extracted Bills'!AP5,'Extracted Bills'!AP6,'Extracted Bills'!AP7,'Extracted Bills'!AP8,'Extracted Bills'!AP9,'Extracted Bills'!AP10,'Extracted Bills'!AP11,'Extracted Bills'!AP12)>0,SUM('Extracted Bills'!AP2,'Extracted Bills'!AP3,'Extracted Bills'!AP4,'Extracted Bills'!AP5,'Extracted Bills'!AP6,'Extracted Bills'!AP7,'Extracted Bills'!AP8,'Extracted Bills'!AP9,'Extracted Bills'!AP10,'Extracted Bills'!AP11,'Extracted Bills'!AP12),"-") -> 0 | AQ2: =IF(COUNT('Extracted Bills'!AQ2,'Extracted Bills'!AQ3,'Extracted Bills'!AQ4,'Extracted Bills'!AQ5,'Extracted Bills'!AQ6,'Extracted Bills'!AQ7,'Extracted Bills'!AQ8,'Extracted Bills'!AQ9,'Extracted Bills'!AQ10,'Extracted Bills'!AQ11,'Extracted Bills'!AQ12)>0,AVERAGE('Extracted Bills'!AQ2,'Extracted Bills'!AQ3,'Extracted Bills'!AQ4,'Extracted Bills'!AQ5,'Extracted Bills'!AQ6,'Extracted Bills'!AQ7,'Extracted Bills'!AQ8,'Extracted Bills'!AQ9,'Extracted Bills'!AQ10,'Extracted Bills'!AQ11,'Extracted Bills'!AQ12),"-") -> 3896288.3 | AR2: =IF(COUNT('Extracted Bills'!AR2,'Extracted Bills'!AR3,'Extracted Bills'!AR4,'Extracted Bills'!AR5,'Extracted Bills'!AR6,'Extracted Bills'!AR7,'Extracted Bills'!AR8,'Extracted Bills'!AR9,'Extracted Bills'!AR10,'Extracted Bills'!AR11,'Extracted Bills'!AR12)>0,SUM('Extracted Bills'!AR2,'Extracted Bills'!AR3,'Extracted Bills'!AR4,'Extracted Bills'!AR5,'Extracted Bills'!AR6,'Extracted Bills'!AR7,'Extracted Bills'!AR8,'Extracted Bills'!AR9,'Extracted Bills'!AR10,'Extracted Bills'!AR11,'Extracted Bills'!AR12),"-") -> 802224 | BD2: =IF(COUNT('Extracted Bills'!BD2,'Extracted Bills'!BD3,'Extracted Bills'!BD4,'Extracted Bills'!BD5,'Extracted Bills'!BD6,'Extracted Bills'!BD7,'Extracted Bills'!BD8,'Extracted Bills'!BD9,'Extracted Bills'!BD10,'Extracted Bills'!BD11,'Extracted Bills'!BD12)>0,SUM('Extracted Bills'!BD2,'Extracted Bills'!BD3,'Extracted Bills'!BD4,'Extracted Bills'!BD5,'Extracted Bills'!BD6,'Extracted Bills'!BD7,'Extracted Bills'!BD8,'Extracted Bills'!BD9,'Extracted Bills'!BD10,'Extracted Bills'!BD11,'Extracted Bills'!BD12),"-") -> 487178.63 | BE2: =IF(COUNT('Extracted Bills'!BE2,'Extracted Bills'!BE3,'Extracted Bills'!BE4,'Extracted Bills'!BE5,'Extracted Bills'!BE6,'Extracted Bills'!BE7,'Extracted Bills'!BE8,'Extracted Bills'!BE9,'Extracted Bills'!BE10,'Extracted Bills'!BE11,'Extracted Bills'!BE12)>0,SUM('Extracted Bills'!BE2,'Extracted Bills'!BE3,'Extracted Bills'!BE4,'Extracted Bills'!BE5,'Extracted Bills'!BE6,'Extracted Bills'!BE7,'Extracted Bills'!BE8,'Extracted Bills'!BE9,'Extracted Bills'!BE10,'Extracted Bills'!BE11,'Extracted Bills'!BE12),"-") -> 494544.4 | BF2: =IF(COUNT('Extracted Bills'!BF2,'Extracted Bills'!BF3,'Extracted Bills'!BF4,'Extracted Bills'!BF5,'Extracted Bills'!BF6,'Extracted Bills'!BF7,'Extracted Bills'!BF8,'Extracted Bills'!BF9,'Extracted Bills'!BF10,'Extracted Bills'!BF11,'Extracted Bills'!BF12)>0,SUM('Extracted Bills'!BF2,'Extracted Bills'!BF3,'Extracted Bills'!BF4,'Extracted Bills'!BF5,'Extracted Bills'!BF6,'Extracted Bills'!BF7,'Extracted Bills'!BF8,'Extracted Bills'!BF9,'Extracted Bills'!BF10,'Extracted Bills'!BF11,'Extracted Bills'!BF12),"-") -> 8122.67 | BG2: =IF(COUNT('Extracted Bills'!BG2,'Extracted Bills'!BG3,'Extracted Bills'!BG4,'Extracted Bills'!BG5,'Extracted Bills'!BG6,'Extracted Bills'!BG7,'Extracted Bills'!BG8,'Extracted Bills'!BG9,'Extracted Bills'!BG10,'Extracted Bills'!BG11,'Extracted Bills'!BG12)>0,AVERAGE('Extracted Bills'!BG2,'Extracted Bills'!BG3,'Extracted Bills'!BG4,'Extracted Bills'!BG5,'Extracted Bills'!BG6,'Extracted Bills'!BG7,'Extracted Bills'!BG8,'Extracted Bills'!BG9,'Extracted Bills'!BG10,'Extracted Bills'!BG11,'Extracted Bills'!BG12),"-") -> 3941985.4 | BI2: =IF(COUNT('Extracted Bills'!BI2,'Extracted Bills'!BI3,'Extracted Bills'!BI4,'Extracted Bills'!BI5,'Extracted Bills'!BI6,'Extracted Bills'!BI7,'Extracted Bills'!BI8,'Extracted Bills'!BI9,'Extracted Bills'!BI10,'Extracted Bills'!BI11,'Extracted Bills'!BI12)>0,AVERAGE('Extracted Bills'!BI2,'Extracted Bills'!BI3,'Extracted Bills'!BI4,'Extracted Bills'!BI5,'Extracted Bills'!BI6,'Extracted Bills'!BI7,'Extracted Bills'!BI8,'Extracted Bills'!BI9,'Extracted Bills'!BI10,'Extracted Bills'!BI11,'Extracted Bills'!BI12),"-") -> 3941985.4 | BJ2: =IF(COUNT('Extracted Bills'!BJ2,'Extracted Bills'!BJ3,'Extracted Bills'!BJ4,'Extracted Bills'!BJ5,'Extracted Bills'!BJ6,'Extracted Bills'!BJ7,'Extracted Bills'!BJ8,'Extracted Bills'!BJ9,'Extracted Bills'!BJ10,'Extracted Bills'!BJ11,'Extracted Bills'!BJ12)>0,AVERAGE('Extracted Bills'!BJ2,'Extracted Bills'!BJ3,'Extracted Bills'!BJ4,'Extracted Bills'!BJ5,'Extracted Bills'!BJ6,'Extracted Bills'!BJ7,'Extracted Bills'!BJ8,'Extracted Bills'!BJ9,'Extracted Bills'!BJ10,'Extracted Bills'!BJ11,'Extracted Bills'!BJ12),"-") -> 6.7409389 | BK2: =IF(COUNT('Extracted Bills'!BK2,'Extracted Bills'!BK3,'Extracted Bills'!BK4,'Extracted Bills'!BK5,'Extracted Bills'!BK6,'Extracted Bills'!BK7,'Extracted Bills'!BK8,'Extracted Bills'!BK9,'Extracted Bills'!BK10,'Extracted Bills'!BK11,'Extracted Bills'!BK12)>0,AVERAGE('Extracted Bills'!BK2,'Extracted Bills'!BK3,'Extracted Bills'!BK4,'Extracted Bills'!BK5,'Extracted Bills'!BK6,'Extracted Bills'!BK7,'Extracted Bills'!BK8,'Extracted Bills'!BK9,'Extracted Bills'!BK10,'Extracted Bills'!BK11,'Extracted Bills'!BK12),"-") -> 7.4975348 | BL2: =IF(COUNT('Extracted Bills'!BL2,'Extracted Bills'!BL3,'Extracted Bills'!BL4,'Extracted Bills'!BL5,'Extracted Bills'!BL6,'Extracted Bills'!BL7,'Extracted Bills'!BL8,'Extracted Bills'!BL9,'Extracted Bills'!BL10,'Extracted Bills'!BL11,'Extracted Bills'!BL12)>0,AVERAGE('Extracted Bills'!BL2,'Extracted Bills'!BL3,'Extracted Bills'!BL4,'Extracted Bills'!BL5,'Extracted Bills'!BL6,'Extracted Bills'!BL7,'Extracted Bills'!BL8,'Extracted Bills'!BL9,'Extracted Bills'!BL10,'Extracted Bills'!BL11,'Extracted Bills'!BL12),"-") -> 6.8473357 | BM2: =IF(COUNT('Extracted Bills'!BM2,'Extracted Bills'!BM3,'Extracted Bills'!BM4,'Extracted Bills'!BM5,'Extracted Bills'!BM6,'Extracted Bills'!BM7,'Extracted Bills'!BM8,'Extracted Bills'!BM9,'Extracted Bills'!BM10,'Extracted Bills'!BM11,'Extracted Bills'!BM12)>0,AVERAGE('Extracted Bills'!BM2,'Extracted Bills'!BM3,'Extracted Bills'!BM4,'Extracted Bills'!BM5,'Extracted Bills'!BM6,'Extracted Bills'!BM7,'Extracted Bills'!BM8,'Extracted Bills'!BM9,'Extracted Bills'!BM10,'Extracted Bills'!BM11,'Extracted Bills'!BM12),"-") -> 7.6039316
A3: Totals | C3: 30591 | I3: =IF(COUNT('Extracted Bills'!I2,'Extracted Bills'!I3,'Extracted Bills'!I4,'Extracted Bills'!I5,'Extracted Bills'!I6,'Extracted Bills'!I7,'Extracted Bills'!I8,'Extracted Bills'!I9,'Extracted Bills'!I10,'Extracted Bills'!I11,'Extracted Bills'!I12)>0,SUM('Extracted Bills'!I2,'Extracted Bills'!I3,'Extracted Bills'!I4,'Extracted Bills'!I5,'Extracted Bills'!I6,'Extracted Bills'!I7,'Extracted Bills'!I8,'Extracted Bills'!I9,'Extracted Bills'!I10,'Extracted Bills'!I11,'Extracted Bills'!I12),"-") -> 5722805 | K3: =IF(COUNT('Extracted Bills'!K2,'Extracted Bills'!K3,'Extracted Bills'!K4,'Extracted Bills'!K5,'Extracted Bills'!K6,'Extracted Bills'!K7,'Extracted Bills'!K8,'Extracted Bills'!K9,'Extracted Bills'!K10,'Extracted Bills'!K11,'Extracted Bills'!K12)>0,SUM('Extracted Bills'!K2,'Extracted Bills'!K3,'Extracted Bills'!K4,'Extracted Bills'!K5,'Extracted Bills'!K6,'Extracted Bills'!K7,'Extracted Bills'!K8,'Extracted Bills'!K9,'Extracted Bills'!K10,'Extracted Bills'!K11,'Extracted Bills'!K12),"-") -> 1783545 | M3: =IF(COUNT('Extracted Bills'!M2,'Extracted Bills'!M3,'Extracted Bills'!M4,'Extracted Bills'!M5,'Extracted Bills'!M6,'Extracted Bills'!M7,'Extracted Bills'!M8,'Extracted Bills'!M9,'Extracted Bills'!M10,'Extracted Bills'!M11,'Extracted Bills'!M12)>0,SUM('Extracted Bills'!M2,'Extracted Bills'!M3,'Extracted Bills'!M4,'Extracted Bills'!M5,'Extracted Bills'!M6,'Extracted Bills'!M7,'Extracted Bills'!M8,'Extracted Bills'!M9,'Extracted Bills'!M10,'Extracted Bills'!M11,'Extracted Bills'!M12),"-") -> 1987020 | O3: =IF(COUNT('Extracted Bills'!O2,'Extracted Bills'!O3,'Extracted Bills'!O4,'Extracted Bills'!O5,'Extracted Bills'!O6,'Extracted Bills'!O7,'Extracted Bills'!O8,'Extracted Bills'!O9,'Extracted Bills'!O10,'Extracted Bills'!O11,'Extracted Bills'!O12)>0,SUM('Extracted Bills'!O2,'Extracted Bills'!O3,'Extracted Bills'!O4,'Extracted Bills'!O5,'Extracted Bills'!O6,'Extracted Bills'!O7,'Extracted Bills'!O8,'Extracted Bills'!O9,'Extracted Bills'!O10,'Extracted Bills'!O11,'Extracted Bills'!O12),"-") -> 1907603 | BG3: =IF(COUNT('Extracted Bills'!BG2,'Extracted Bills'!BG3,'Extracted Bills'!BG4,'Extracted Bills'!BG5,'Extracted Bills'!BG6,'Extracted Bills'!BG7,'Extracted Bills'!BG8,'Extracted Bills'!BG9,'Extracted Bills'!BG10,'Extracted Bills'!BG11,'Extracted Bills'!BG12)>0,SUM('Extracted Bills'!BG2,'Extracted Bills'!BG3,'Extracted Bills'!BG4,'Extracted Bills'!BG5,'Extracted Bills'!BG6,'Extracted Bills'!BG7,'Extracted Bills'!BG8,'Extracted Bills'!BG9,'Extracted Bills'!BG10,'Extracted Bills'!BG11,'Extracted Bills'!BG12),"-") -> 43361839 | BI3: =IF(COUNT('Extracted Bills'!BI2,'Extracted Bills'!BI3,'Extracted Bills'!BI4,'Extracted Bills'!BI5,'Extracted Bills'!BI6,'Extracted Bills'!BI7,'Extracted Bills'!BI8,'Extracted Bills'!BI9,'Extracted Bills'!BI10,'Extracted Bills'!BI11,'Extracted Bills'!BI12)>0,SUM('Extracted Bills'!BI2,'Extracted Bills'!BI3,'Extracted Bills'!BI4,'Extracted Bills'!BI5,'Extracted Bills'!BI6,'Extracted Bills'!BI7,'Extracted Bills'!BI8,'Extracted Bills'!BI9,'Extracted Bills'!BI10,'Extracted Bills'!BI11,'Extracted Bills'!BI12),"-") -> 43361839

Sheet Extraction Details
A1: Provider | B1: Filename | C1: Pages | D1: Warnings
A2: UGVCL | B2: MEDHA UGVCL-APRIL 25.pdf | C2: 1, 2 | D2: Calculated adjustment does not match the adjustment printed on the bill.
A3: UGVCL | B3: MEDHA UGVCL-MAY 25.pdf | C3: 1, 2 | D3: Calculated adjustment does not match the adjustment printed on the bill.
A4: UGVCL | B4: MEDHA UGVCL-JUNE 25.pdf | C4: 1, 2 | D4: Calculated adjustment does not match the adjustment printed on the bill.
A5: UGVCL | B5: MEDHA UGVCL-JULY 25.pdf | C5: 1, 2 | D5: -
A6: UGVCL | B6: MEDHA UGVCL-AUG 25.pdf | C6: 1, 2 | D6: -
A7: UGVCL | B7: MEDHA UGVCL-SEP 25.pdf | C7: 1, 2 | D7: -
A8: UGVCL | B8: MEDHA UGVCL-OCT 25.pdf | C8: 1, 2, 3 | D8: Calculated adjustment does not match the adjustment printed on the bill.
A9: UGVCL | B9: MEDHA UGVCL NOV 25.pdf | C9: 1, 2, 3 | D9: Calculated adjustment does not match the adjustment printed on the bill.
A10: UGVCL | B10: MEDHA UGVCL-DEC 25.pdf | C10: 1, 2, 3 | D10: Calculated adjustment does not match the adjustment printed on the bill.
A11: UGVCL | B11: MEDHA UGVCL-JAN 26.pdf | C11: 1, 2, 3 | D11: Calculated adjustment does not match the adjustment printed on the bill.
A12: UGVCL | B12: MEDHA UGVCL-FEB 26.pdf | C12: 1, 2, 3 | D12: Calculated adjustment does not match the adjustment printed on the bill.
